year,era,target_stage,licensed_access,metadata_audit,import,cohorts,survey,models,tables,status,evidence
1988,early_hospital_sample,expansion_4,unknown,pending,not_implemented,not_implemented,not_implemented,not_implemented,not_implemented,target,
1989,early_hospital_sample,expansion_4,unknown,pending,not_implemented,not_implemented,not_implemented,not_implemented,not_implemented,target,
1990,early_hospital_sample,expansion_4,unknown,pending,not_implemented,not_implemented,not_implemented,not_implemented,not_implemented,target,
1991,early_hospital_sample,expansion_4,unknown,pending,not_implemented,not_implemented,not_implemented,not_implemented,not_implemented,target,
1992,early_hospital_sample,expansion_4,unknown,pending,not_implemented,not_implemented,not_implemented,not_implemented,not_implemented,target,
1993,hospital_sample_before_1998,expansion_3,unknown,pending,not_implemented,not_implemented,not_implemented,not_implemented,not_implemented,target,
1994,hospital_sample_before_1998,expansion_3,unknown,pending,not_implemented,not_implemented,not_implemented,not_implemented,not_implemented,target,
1995,hospital_sample_before_1998,expansion_3,unknown,pending,not_implemented,not_implemented,not_implemented,not_implemented,not_implemented,target,
1996,hospital_sample_before_1998,expansion_3,unknown,pending,not_implemented,not_implemented,not_implemented,not_implemented,not_implemented,target,
1997,hospital_sample_before_1998,expansion_3,unknown,pending,not_implemented,not_implemented,not_implemented,not_implemented,not_implemented,target,
1998,hospital_sample_after_1998,expansion_3,unknown,pending,not_implemented,not_implemented,not_implemented,not_implemented,not_implemented,target,
1999,hospital_sample_after_1998,expansion_3,unknown,pending,not_implemented,not_implemented,not_implemented,not_implemented,not_implemented,target,
2000,hospital_sample_after_1998_charge_exception,expansion_3,unknown,pending,not_implemented,not_implemented,not_implemented,not_implemented,not_implemented,target,
2001,hospital_sample_after_1998,expansion_3,unknown,pending,not_implemented,not_implemented,not_implemented,not_implemented,not_implemented,target,
2002,hospital_sample_after_1998,expansion_3,unknown,pending,not_implemented,not_implemented,not_implemented,not_implemented,not_implemented,target,
2003,hospital_sample_after_1998,expansion_3,unknown,pending,not_implemented,not_implemented,not_implemented,not_implemented,not_implemented,target,
2004,hospital_sample_after_1998,expansion_3,unknown,pending,not_implemented,not_implemented,not_implemented,not_implemented,not_implemented,target,
2005,hospital_sample_after_1998,expansion_3,unknown,pending,not_implemented,not_implemented,not_implemented,not_implemented,not_implemented,target,
2006,hospital_sample_after_1998,expansion_3,unknown,pending,not_implemented,not_implemented,not_implemented,not_implemented,not_implemented,target,
2007,hospital_sample_after_1998,expansion_3,unknown,pending,not_implemented,not_implemented,not_implemented,not_implemented,not_implemented,target,
2008,hospital_sample_after_1998,expansion_3,unknown,pending,not_implemented,not_implemented,not_implemented,not_implemented,not_implemented,target,
2009,hospital_sample_after_1998,expansion_3,unknown,pending,not_implemented,not_implemented,not_implemented,not_implemented,not_implemented,target,
2010,hospital_sample_after_1998,expansion_3,unknown,pending,not_implemented,not_implemented,not_implemented,not_implemented,not_implemented,target,
2011,hospital_sample_after_1998,expansion_3,unknown,pending,not_implemented,not_implemented,not_implemented,not_implemented,not_implemented,target,
2012,discharge_sample_icd9,expansion_2,unknown,pending,not_implemented,not_implemented,not_implemented,not_implemented,not_implemented,target,
2013,discharge_sample_icd9,expansion_2,unknown,pending,not_implemented,not_implemented,not_implemented,not_implemented,not_implemented,target,
2014,discharge_sample_icd9,expansion_2,unknown,pending,not_implemented,not_implemented,not_implemented,not_implemented,not_implemented,target,
2015,discharge_sample_split_icd,expansion_2,unknown,pending,not_implemented,not_implemented,not_implemented,not_implemented,not_implemented,target,
2016,discharge_sample_icd10,expansion_2,unknown,pending,not_implemented,not_implemented,not_implemented,not_implemented,not_implemented,target,
2017,discharge_sample_icd10,v1,available_structurally_inspected,pending,not_implemented,not_implemented,not_implemented,not_implemented,not_implemented,target,
2018,discharge_sample_icd10,v1,available_structurally_inspected,pending,not_implemented,not_implemented,not_implemented,not_implemented,not_implemented,target,
2019,discharge_sample_icd10,v1,available_structurally_inspected,pending,not_implemented,not_implemented,not_implemented,not_implemented,not_implemented,target,
2020,discharge_sample_icd10,v1,available_structurally_inspected,pending,not_implemented,not_implemented,not_implemented,not_implemented,not_implemented,target,
2021,discharge_sample_icd10,v1,available_structurally_inspected,pending,not_implemented,not_implemented,not_implemented,not_implemented,not_implemented,target,
2022,discharge_sample_icd10,v1,available_structurally_inspected,pending,not_implemented,not_implemented,not_implemented,not_implemented,not_implemented,target,
2023,discharge_sample_2023_changes,expansion_1,unknown,pending,not_implemented,not_implemented,not_implemented,not_implemented,not_implemented,target,
